,0
0,A1
1,A2
2,A3
3,A4
4,A5
5,A6
6,A7
7,A8
8,A9
9,A10
10,A11
11,A12
12,A13
13,A14
14,A15
15,A16
16,A17
17,A18
18,A19
19,B1
20,B2
21,B3
22,B4
23,B5
24,B6
25,B7
26,B8
27,B9
28,B10
29,B11
30,B12
31,B13
32,B14
33,B15
34,B16
35,B17
36,B18
37,B19
38,B20
39,B21
40,B22
41,B23
42,B24
43,B25
44,B26
45,B27
46,C1
47,C2
48,C3
49,C4
50,C5
51,C6
52,C7
53,C8
54,C9
55,C10
56,C11
57,C12
58,C13
59,C14
60,C15
61,C16
62,C17
63,C18
64,C19
65,C20
66,C21
67,C22
68,C23
69,C24
70,C25
71,C26
72,C27
73,C28
74,C29
75,C30
76,C31
77,C32
78,C33
79,C34
80,C35
81,C36
82,C37
83,C38
84,C39
85,C40
86,C41
87,C42
88,C43
89,C44
90,C45
91,C46
92,C47
93,C48
94,C49
95,C50
96,C51
97,C52
98,C53
99,C54
100,C55
101,C56
102,C57
103,D1
104,D2
105,D3
106,D4
107,D5
108,D6
109,D7
110,D8
111,D9
112,D10
113,D11
114,D12
115,D13
116,D14
117,D15
118,D16
119,D17
120,D18
121,D19
122,D20
123,D21
124,D22
125,D23
126,D24
127,D25
128,D26
129,D27
130,E1
131,E2
132,E3
133,E4
134,E5
135,E6
136,E7
137,E8
138,E9
139,E10
140,E11
141,E12
142,E13
143,E14
144,E15
145,E16
146,E17
147,E18
148,E19
149,E20
150,F1
151,F2
152,F3
153,F4
154,F5
155,F6
156,F7
157,F8
158,F9
159,F10
160,F11
161,F12
162,F13
163,F14
164,F15
165,F16
166,F17
167,F18
168,F19
169,F20
170,F21
171,F22
172,F23
173,F24
174,F25
175,F26
176,F27
177,F28
178,F29
179,G1
180,G2
181,G3
182,G4
183,G5
184,G6
185,G7
186,G8
187,G9
188,G10
189,G11
190,G12
191,G13
192,G14
193,G15
194,G16
195,G17
196,G18
197,G19
198,G20
199,G21
200,G22
201,G23
202,G24
203,G25
204,G26
205,G27
206,G28
207,G29
208,G30
209,G31
210,G32
211,G33
212,G34
213,G35
214,G36
215,G37
216,G38
217,G39
218,G40
219,G41
220,G42
221,G43
222,G44
223,G45
224,G46
225,G47
226,H1
227,H2
228,H3
229,H4
230,H5
231,H6
232,H7
233,H8
234,H9
235,H10
236,H11
237,H12
238,H13
239,H14
240,H15
241,H16
242,H17
243,H18
244,H19
245,H20
246,H21
247,H22
248,H23
249,H24
250,H25
251,H26
252,H27
253,H28
254,H29
255,H30
256,H31
257,H32
258,H33
259,H34
260,H35
261,H36
262,H37
263,H38
264,H39
265,H40
266,H41
267,H42
268,H43
269,H44
270,H45
271,H46
272,H47
273,H48
274,H49
275,I1
276,I2
277,I3
278,I4
279,I5
280,I6
281,I7
282,I8
283,I9
284,J1
285,J2
286,J3
287,J4
288,J5
289,J6
290,J7
291,J8
292,J9
293,J10
294,J11
295,J12
296,J13
297,J14
298,J15
299,J16
300,J17
301,J18
302,J19
303,J20
304,K1
305,K2
306,K3
307,K4
308,K5
309,K6
310,K7
311,K8
312,K9
313,K10
314,K11
315,K12
316,K13
317,K14
318,K15
319,L1
320,L2
321,L3
322,L4
323,L5
324,L6
325,L7
326,L8
327,L9
328,L10
329,L11
330,L12
331,L13
332,L14
333,L15
334,L16
335,L17
336,L18
337,L19
338,L20
339,L21
340,L22
341,L23
342,L24
343,L25
344,L26
345,L27
346,L28
347,L29
348,L30
349,L31
350,L32
351,L33
352,L34
353,M1
354,M2
355,M3
356,M4
357,M5
358,M6
359,M7
360,M8
361,M9
362,M10
363,M11
364,M12
365,N1
366,N2
367,N3
368,N4
369,N5
370,N6
371,N7
372,N8
373,N9
374,N10
375,P1
376,P2
377,P3
378,P4
379,P5
380,P6
381,Q1
382,Q2
383,Q3
384,Q4
385,Q5
386,Q6
387,Q7
388,Q8
389,Q9
390,Q10
391,Q11
392,Q12
393,Q13
394,Q14
395,Q15
396,Q16
397,Q17
398,R1
399,R2
400,R3
401,R4
402,R5
403,R6
404,R7
405,R8
406,R9
407,R10
408,R11
409,R12
410,R13
411,R14
412,R15
413,R16
414,R17
415,R18
416,R19
417,R20
418,R21
419,R22
420,R23
421,R24
422,R25
423,R26
424,R27
425,R28
426,R29
427,S1
428,S2
429,S3
430,S4
431,S5
432,S6
433,S7
434,S8
435,S9
436,S10
437,T1
438,T2
439,T3
440,T4
441,T5
442,T6
443,T7
444,U1
445,U2
446,U3
447,U4
448,U5
449,U6
450,U7
451,U8
452,U9
453,U10
454,U11
455,U12
456,U13
457,U14
458,U15
459,V1
460,V2
461,V3
462,V4
463,V5
464,V6
465,V7
466,V8
467,V9
468,V10
469,W1
470,W2
471,W3
472,W4
473,W5
474,W6
475,W7
476,X1
477,X2
478,X3
479,X4
480,X5
481,X6
482,X7
483,X8
484,X9
485,X10
486,Y1
487,Y2
488,Y3
489,Y4
490,Y5
491,Y6
492,Y7
493,Y8
494,Y9
495,Y10
496,Y11
497,Y12
498,Y13
499,Y14
500,Y15
501,Y16
502,Y17
503,Y18
504,Y19
505,Y20
506,Y21
507,Y22
508,Y23
509,Y24
510,Y25
511,Y26
512,Y27
513,Y28
514,Y29
515,Y30
516,Z1
517,Z2
518,Z3
519,Z4
520,Z5
521,Z6
522,Z7
523,Z8
524,Z9
525,Z10
526,Z11
527,Z12
528,Z13
529,Z14
530,Z15
531,Z16
532,Z17
533,Z18
534,Z19
535,Z20
536,Z21
537,Z22
538,Z23
539,Z24
540,Z25
541,Z26
542,Z27
543,Z28
